1;SHITOMASI;FREAK;12.3655;-0.31928
2;SHITOMASI;FREAK;13.1487;-0.337148
3;SHITOMASI;FREAK;16.3532;-0.313911
4;SHITOMASI;FREAK;14.322;-0.398806
5;SHITOMASI;FREAK;12.8893;-0.383171
6;SHITOMASI;FREAK;13.4379;-0.427314
7;SHITOMASI;FREAK;13.6813;-0.453664
8;SHITOMASI;FREAK;13.7564;-0.512318
9;SHITOMASI;FREAK;12.2138;-0.655454
10;SHITOMASI;FREAK;11.9303;-0.220407
11;SHITOMASI;FREAK;11.8244;-0.591982
12;SHITOMASI;FREAK;9.23863;-0.290229
13;SHITOMASI;FREAK;9.51438;-0.507853
